2,0.025574,-0.89027,-0.29018,2,2,2,1,2,3,0.010843,0.024923,0.058041,0.19795,0.27405,0.19795,0,0.32826,0.59109,0.0090693,0.021641,0.047802,0.0768,0.1472,0.0768,0,0.2112,0.4032,4.034,52.721
2,0.045563,-0.8172,-0.39511,2,2,4,2,3,3,0.012947,0.030203,0.0253,0.32826,0.47121,0.81416,0.43142,0.64397,0.49652,0.011069,0.022505,0.019466,0.2112,0.4352,0.6656,0.3648,0.5632,0.4144,10.757,140.4
2,0.10945,-0.76482,-0.32568,5,8,9,3,6,7,0.048332,0.053427,0.047434,1.293,2.1117,2.0024,0.74942,1.1613,1.7958,0.033248,0.039585,0.033026,1.168,1.68,1.4304,0.6656,0.864,1.4088,19.33,1399.2
2,0.12828,-0.81969,-0.27325,4,6,5,4,8,4,0.039445,0.047572,0.042705,0.96129,1.6193,1.3005,0.95276,1.9563,0.86284,0.02979,0.037235,0.030079,0.7744,1.2736,1.1072,0.7296,1.4592,0.6656,29.565,3306.8
2,0.34436,-0.77469,-0.27757,9,9,11,5,5,10,0.11007,0.065221,0.052383,1.9571,2.2697,2.2555,1.0926,1.1066,2.4011,0.090734,0.045705,0.040259,1.3632,1.8504,1.6128,0.752,0.88,1.76,41.274,6918.2
2,0.19011,-0.7957,-0.26315,7,10,6,4,6,8,0.094381,0.053406,0.047568,1.764,2.5475,1.2122,0.89648,1.4758,1.669,0.071763,0.041973,0.037885,1.376,1.912,0.88,0.6888,1.1936,1.344,54.22,11807
2,0.23079,-0.85301,-0.25526,5,8,5,4,6,8,0.082539,0.044618,0.050769,1.2675,2.4878,1.1241,0.95105,1.0506,2.0488,0.049235,0.032606,0.037485,1.008,2.0032,0.8448,0.7616,0.6912,1.672,68.427,17231
2,0.032288,-0.85353,-0.31433,3,3,6,2,4,4,0.020914,0.035986,0.028623,0.55107,0.76772,1.3845,0.43142,0.81215,0.94415,0.015642,0.027437,0.022075,0.4608,0.68,1.0944,0.3648,0.672,0.7488,83.772,22720
2,0.073029,-0.84106,-0.28943,3,4,5,2,5,3,0.023651,0.037637,0.029772,0.62073,1.0302,1.1959,0.47121,1.0812,0.68094,0.017933,0.029656,0.023426,0.4864,0.896,0.976,0.4352,0.8448,0.5376,100.21,28220
2,0.061874,-0.75816,-0.2524,3,3,9,4,7,6,0.018727,0.054082,0.045679,0.60744,0.66271,2.1594,1.1021,1.8007,1.7871,0.012419,0.036304,0.028806,0.448,0.5328,1.5904,0.8704,1.4048,1.456,117.71,33865
2,0.046387,-0.89004,-0.3092,2,3,4,2,3,3,0.014787,0.021444,0.018122,0.40406,0.62073,0.81416,0.2399,0.53605,0.64555,0.01085,0.016749,0.013632,0.32,0.4864,0.6528,0.1128,0.4256,0.5704,136.2,39595
2,0.030869,-0.83754,-0.30832,2,2,7,2,5,3,0.01786,0.04174,0.03005,0.48487,0.47852,1.7613,0.38809,1.019,0.82833,0.012773,0.030321,0.024941,0.4608,0.4488,1.472,0.2952,0.7616,0.74,155.63,45336
2,0.030273,-0.84152,-0.31236,4,4,4,2,4,4,0.02079,0.030142,0.046368,0.74066,0.86213,0.85714,0.47121,0.91607,0.82536,0.013099,0.02337,0.034219,0.512,0.6696,0.704,0.4352,0.7904,0.6232,175.95,51111
2,0.052094,-0.80649,-0.33871,3,2,5,2,3,4,0.016696,0.034511,0.04049,0.60744,0.37033,1.066,0.37033,0.57994,0.73429,0.012516,0.025658,0.032417,0.448,0.2688,0.8096,0.2688,0.5408,0.6072,197.01,56892
2,0.085861,-0.84215,-0.25485,4,4,7,2,7,4,0.019756,0.041936,0.039455,0.67128,0.86284,1.5928,0.37033,1.3702,1.1429,0.012634,0.030963,0.030628,0.448,0.6528,1.2032,0.2688,0.992,0.96,218.86,62693
2,0.06546,-0.86034,-0.26289,3,2,6,2,4,4,0.019762,0.038078,0.033467,0.3959,0.37033,1.4602,0.38809,0.82413,0.91451,0.015105,0.030751,0.026643,0.1536,0.2688,1.216,0.2952,0.6432,0.6664,241.52,68545
2,0.119,-0.90068,-0.26985,2,2,3,2,2,2,0.026379,0.020816,0.017446,0.27405,0.49031,0.57143,0.32826,0.37033,0.48487,0.022045,0.016423,0.013606,0.1472,0.4712,0.512,0.2112,0.2688,0.4608,265.01,74410
2,0.14916,-0.82254,-0.26691,2,2,8,3,4,3,0.02138,0.041142,0.037074,0.40406,0.49857,1.4263,0.76265,0.87037,0.78792,0.018022,0.029708,0.028408,0.32,0.4872,0.8416,0.66,0.6688,0.6912,289.33,80291
2,0.13516,-0.81934,-0.29431,3,4,4,2,4,3,0.041688,0.036993,0.039188,0.57143,0.94524,1.027,0.49031,0.85332,0.73512,0.03593,0.027439,0.031831,0.512,0.7688,0.8832,0.4712,0.6624,0.6448,314.38,86208
2,0.076599,-0.64955,-0.21239,3,6,9,4,9,6,0.023535,0.071633,0.060536,0.76024,1.2778,2.0996,1.1516,2.1548,1.3439,0.015948,0.047331,0.045963,0.6336,0.96,1.456,0.98,1.4592,1.076,340.06,92162
2,0.12276,-0.84143,-0.26306,5,6,7,2,5,6,0.028274,0.056408,0.047556,0.94242,1.3746,1.8277,0.47121,1.3997,1.4553,0.019296,0.045004,0.037486,0.7168,0.9672,1.5232,0.4352,1.216,1.2256,366.48,98445
2,0.045319,-0.85316,-0.29221,2,2,5,3,4,4,0.017074,0.037019,0.031383,0.48487,0.43142,1.1599,0.62073,0.87037,1.122,0.013828,0.02638,0.023479,0.4608,0.3648,0.9216,0.4864,0.7296,0.9456,393.57,1.0476e+05
2,0.056473,-0.83591,-0.3018,2,3,5,2,4,4,0.018526,0.038785,0.028467,0.43142,0.76024,1.3786,0.49487,0.89989,0.91339,0.01402,0.030093,0.02332,0.3648,0.672,1.0848,0.48,0.736,0.7344,421.29,1.1109e+05
2,0.10303,-0.84663,-0.27727,5,5,8,3,4,5,0.036548,0.037851,0.031804,1.1095,1.2204,1.5887,0.75593,0.97646,1.2182,0.023026,0.026894,0.022317,0.8064,0.8232,1.0816,0.608,0.8064,0.9744,449.63,1.1748e+05
2,0.069962,-0.8703,-0.31342,3,3,4,2,3,3,0.018806,0.032751,0.021457,0.60744,0.64555,1.0302,0.37033,0.56279,0.76158,0.014164,0.025135,0.017512,0.448,0.5704,0.896,0.2688,0.4896,0.6696,478.58,1.2388e+05
2,0.081345,-0.82024,-0.29315,4,7,9,2,4,3,0.031464,0.044966,0.030795,0.90351,1.4686,2.0348,0.44309,1.0174,0.64681,0.023031,0.032732,0.024971,0.704,1.1184,1.5616,0.3848,0.8064,0.56,508.15,1.3035e+05
2,0.13405,-0.78381,-0.19591,3,7,14,4,5,7,0.034487,0.064706,0.060922,0.69985,1.6243,2.6484,0.99571,1.1471,1.8468,0.026927,0.044889,0.041814,0.576,1.2736,1.5904,0.8424,0.9376,1.416,538.33,1.3716e+05
2,0.05336,-0.84134,-0.31267,3,3,7,2,4,3,0.015022,0.039228,0.027004,0.51745,0.46467,1.5908,0.47121,0.94415,0.64397,0.011948,0.030324,0.021835,0.384,0.352,1.232,0.4352,0.736,0.5824,569.1,1.4485e+05
2,0.075882,-0.84303,-0.26938,3,2,7,2,3,5,0.019412,0.046915,0.034989,0.55107,0.48487,1.7143,0.50467,0.7516,1.2879,0.015827,0.037875,0.027682,0.4608,0.4608,1.392,0.4992,0.5888,1.0432,600.49,1.5255e+05
2,0.048523,-0.84546,-0.29512,3,2,5,3,3,4,0.017002,0.03769,0.028246,0.55107,0.50143,1.3192,0.62073,0.7709,1.011,0.013962,0.028624,0.023643,0.4608,0.4928,1.0432,0.4864,0.6688,0.864,632.46,1.6028e+05
2,0.069214,-0.88258,-0.29308,3,3,6,2,5,2,0.019221,0.02989,0.025537,0.57143,0.64555,1.2014,0.37033,0.92494,0.43142,0.015133,0.02263,0.018531,0.352,0.5704,0.8736,0.2688,0.6144,0.3648,665.01,1.6802e+05
2,0.058014,-0.8819,-0.31929,2,3,4,3,2,3,0.016557,0.02735,0.019835,0.27405,0.63888,0.83397,0.49652,0.50467,0.38545,0.012498,0.021608,0.016045,0.1472,0.544,0.6912,0.4144,0.4992,0.216,698.1,1.7576e+05
2,0.057236,-0.86525,-0.28972,2,2,3,3,5,3,0.0178,0.034827,0.026567,0.37033,0.50346,0.7045,0.83299,0.98974,0.60911,0.014636,0.02748,0.019482,0.2688,0.4968,0.6272,0.744,0.768,0.5568,731.7,1.8351e+05
2,0.062759,-0.83638,-0.26923,3,3,6,2,5,3,0.020421,0.038927,0.025971,0.76024,0.85714,1.3559,0.43142,0.90891,0.72309,0.01672,0.029427,0.019028,0.6336,0.768,1.0784,0.3648,0.6656,0.6216,765.83,1.9127e+05
2,0.086929,-0.84448,-0.26735,3,3,5,4,6,3,0.021049,0.047409,0.029971,0.7045,0.7354,1.3118,0.8391,1.2216,0.86213,0.016755,0.035752,0.021881,0.5984,0.644,1.1328,0.644,0.912,0.756,800.47,1.9903e+05
2,0.088364,-0.8181,-0.30837,4,4,6,3,4,3,0.024941,0.037868,0.02858,0.90351,1.0214,1.3702,0.59966,0.93372,0.62629,0.019683,0.028024,0.023486,0.704,0.8816,1.008,0.4264,0.7392,0.5544,835.62,2.0682e+05
2,0.069305,-0.8159,-0.33135,5,3,7,2,5,3,0.030144,0.049645,0.034566,0.96129,0.7354,1.7723,0.50467,1.3702,0.57286,0.025072,0.038685,0.027712,0.704,0.576,1.4848,0.4992,1.216,0.4368,871.24,2.1464e+05
2,0.086868,-0.83887,-0.32507,3,4,5,2,3,4,0.031171,0.038221,0.029022,0.74942,0.91451,1.2558,0.44309,0.716,1.0467,0.024151,0.029223,0.02199,0.6656,0.6664,1.0432,0.3848,0.608,0.92,907.31,2.2248e+05
2,0.042786,-0.85454,-0.32181,2,3,5,2,3,4,0.01781,0.032304,0.028802,0.27405,0.72843,1.1241,0.35051,0.84177,0.93131,0.013985,0.026452,0.024004,0.1472,0.648,0.8576,0.2408,0.7392,0.756,943.83,2.3033e+05
2,0.05954,-0.86531,-0.31964,2,3,5,2,4,3,0.016621,0.031015,0.024688,0.47121,0.45175,1.0174,0.37033,0.81416,0.62073,0.013014,0.024289,0.020963,0.4352,0.328,0.7392,0.2688,0.6656,0.544,980.82,2.3818e+05
2,0.14745,-0.79152,-0.25736,5,6,13,2,8,5,0.031725,0.059183,0.039709,1.1036,1.5248,2.763,0.37033,1.7538,1.2014,0.023669,0.041234,0.025059,0.8832,1.152,2.1184,0.2688,1.2032,0.9408,1018.3,2.4641e+05
2,0.23135,-0.76592,-0.20465,9,6,11,8,8,5,0.045878,0.072796,0.044897,1.7815,1.7114,2.4061,1.884,1.807,1.0568,0.032223,0.049123,0.034497,1.1584,1.472,1.5232,1.1072,1.36,0.672,1056.3,2.5518e+05
2,0.12332,-0.79294,-0.24321,5,7,9,3,8,4,0.034374,0.058794,0.074856,1.069,1.8736,1.9064,0.76024,1.6679,1.0437,0.025765,0.041107,0.06479,0.832,1.472,1.3664,0.672,1.1584,0.9184,1094.7,2.6428e+05
2,0.004974,-0.84398,-0.3361,1,1,4,2,3,3,0.0074877,0.02982,0.055204,0,0,0.8437,0.27405,0.76238,0.6667,0.005722,0.023752,0.045764,0,0,0.7072,0.1472,0.6656,0.5472,1133.5,2.7341e+05
2,0.043915,-0.85648,-0.31346,6,8,9,2,3,4,0.024286,0.042168,0.023939,1.0254,1.712,1.7361,0.46291,0.64397,0.94524,0.014007,0.027617,0.020431,0.576,1.036,1.1552,0.42,0.5824,0.7688,1172.8,2.8255e+05
2,0.13214,-0.69103,-0.26209,5,8,16,4,8,2,0.036547,0.083505,0.040193,1.2675,1.3395,4.2601,0.94954,1.787,0.47121,0.022622,0.054363,0.031095,0.9408,1.0128,3.1072,0.6888,1.4144,0.4352,1212.5,2.949e+05
2,0.10234,-0.88472,-0.33409,4,4,4,2,3,4,0.027661,0.027732,0.023452,0.80812,1.028,0.76024,0.47121,0.53605,0.93131,0.020987,0.022124,0.018356,0.608,0.868,0.6272,0.4352,0.4256,0.756,1252.7,3.0736e+05
2,0.062836,-0.87509,-0.34418,3,2,4,2,3,3,0.020056,0.025803,0.022989,0.57143,0.43142,0.88156,0.27405,0.63888,0.64175,0.016623,0.020789,0.018843,0.352,0.3648,0.7488,0.1472,0.544,0.58,1293.2,3.1982e+05
2,0.060471,-0.81947,-0.32284,3,3,5,3,7,4,0.017522,0.043229,0.034288,0.57143,0.62073,1.1542,0.76158,1.3845,1.0746,0.011388,0.032974,0.025244,0.352,0.4864,0.8928,0.6696,0.9408,0.8424,1334.2,3.3229e+05
2,0.027069,-0.86584,-0.29602,2,1,4,2,5,3,0.0092656,0.027756,0.02798,0.27405,0,0.96975,0.30305,1.0174,0.62629,0.006518,0.021191,0.022359,0.1472,0,0.8064,0.18,0.8064,0.5032,1375.6,3.4477e+05
2,0.033737,-0.87715,-0.26209,3,3,4,3,4,2,0.017937,0.035695,0.034228,0.55107,0.62073,1.0568,0.59109,0.81215,0.50467,0.013705,0.027683,0.027891,0.4608,0.4864,0.9408,0.4032,0.672,0.4992,1417.4,3.5726e+05
2,0.051758,-0.90196,-0.13808,2,2,4,3,2,4,0.015415,0.036911,0.048278,0.37033,0.44309,1.0302,0.49652,0.50143,0.83397,0.011656,0.028298,0.03912,0.2688,0.3848,0.896,0.4144,0.4928,0.6336,1459.7,3.6974e+05
2,0.097961,-0.92789,-0.11574,3,4,4,4,4,3,0.027861,0.038706,0.032767,0.64397,1.027,0.83201,0.93131,1.0093,0.75295,0.02272,0.032158,0.025838,0.5632,0.7616,0.6176,0.72,0.8448,0.6696,1502.6,3.8223e+05
2,0.39368,-0.85252,-0.136,5,6,6,3,4,4,0.11297,0.051864,0.063068,1.1183,1.5167,1.2752,0.84781,0.96129,0.98974,0.099371,0.040509,0.049029,0.8832,1.2112,0.9216,0.7656,0.7744,0.8,1546,3.9473e+05
2,0.31238,-0.85315,-0.32871,3,4,4,2,3,2,0.082324,0.034474,0.026373,0.51745,1.0039,0.87225,0.41845,0.80812,0.49031,0.071395,0.028913,0.020827,0.384,0.8856,0.704,0.3432,0.72,0.4712,1589.9,4.0724e+05
2,0.098755,-0.88026,-0.35725,2,2,3,2,3,2,0.018913,0.023433,0.020411,0.19795,0.47121,0.6465,0.30305,0.63888,0.37033,0.014255,0.018692,0.015902,0.0768,0.4352,0.576,0.18,0.544,0.2688,1634.1,4.1976e+05
2,0.10805,-0.84602,-0.38588,2,2,4,1,2,3,0.018613,0.022178,0.021511,0.19795,0.27405,0.7835,0,0.48487,0.62073,0.013709,0.017688,0.016492,0.0768,0.1472,0.6336,0,0.4608,0.4864,1678.6,4.3227e+05
2,0.095566,-0.81844,-0.34074,2,2,6,3,4,3,0.021722,0.032242,0.028093,0.32826,0.38809,1.1386,0.62073,1.0029,0.64175,0.018028,0.02393,0.022382,0.2112,0.2952,0.8192,0.4864,0.8448,0.58,1723.5,4.4479e+05
2,0.1167,-0.85173,-0.31525,2,3,5,2,4,5,0.017896,0.035061,0.029535,0.37033,0.64555,1.1429,0.41845,0.87037,1.0104,0.014503,0.027473,0.022031,0.2688,0.5832,0.88,0.3432,0.7296,0.688,1768.7,4.5731e+05
2,0.080673,-0.87321,-0.32753,2,3,3,2,3,5,0.020878,0.028715,0.023265,0.37033,0.74396,0.659,0.30305,0.74942,0.65652,0.016307,0.02273,0.01801,0.2688,0.6384,0.4928,0.18,0.6656,0.3936,1814.3,4.6984e+05
2,0.088226,-0.85396,-0.32092,3,3,3,3,3,4,0.021592,0.031456,0.031364,0.6465,0.73512,0.7709,0.62073,0.63116,1.05,0.017335,0.024623,0.025589,0.5824,0.6448,0.6688,0.4864,0.5632,0.7912,1860.3,4.8237e+05
2,0.091141,-0.8831,-0.29292,3,3,3,2,3,3,0.036686,0.024871,0.030055,0.57994,0.74533,0.7045,0.37033,0.6465,0.64681,0.030926,0.019745,0.023282,0.5376,0.66,0.6272,0.2688,0.576,0.58,1906.6,4.949e+05
2,-0.011307,-0.86223,-0.31073,4,4,4,2,3,4,0.031424,0.036977,0.035552,0.90351,0.87505,1.2122,0.46291,0.72955,1.1599,0.025222,0.029729,0.028834,0.768,0.7168,1.04,0.42,0.6336,0.9984,1953.3,5.0744e+05
2,0.049637,-0.80739,-0.36108,2,4,5,2,3,4,0.051757,0.035337,0.027818,0.45356,0.72534,1.0302,0.44309,0.74066,0.86284,0.043067,0.026525,0.021595,0.4032,0.62,0.768,0.3848,0.6528,0.6528,2000.3,5.1997e+05
2,0.11629,-0.82408,-0.40271,3,2,4,2,3,3,0.026758,0.029358,0.022484,0.63116,0.46291,0.91607,0.35051,0.69282,0.75593,0.021346,0.022802,0.018381,0.5184,0.42,0.7296,0.2408,0.6144,0.608,2047.7,5.3251e+05
2,0.13385,-0.84569,-0.35132,2,2,4,3,4,3,0.016774,0.029998,0.028774,0.43142,0.47852,0.75593,0.62629,0.76238,0.6465,0.013264,0.023736,0.022235,0.3648,0.4488,0.576,0.5032,0.6144,0.576,2095.3,5.4506e+05
2,0.21996,-0.82919,-0.33286,3,4,6,2,4,4,0.038439,0.041478,0.031805,0.57994,1.0546,1.4769,0.46291,0.96129,1.3013,0.030444,0.031775,0.024132,0.5408,0.924,1.2352,0.42,0.7744,1.2152,2143.3,5.5761e+05
2,0.22099,-0.84293,-0.29675,3,4,5,3,4,5,0.025269,0.036181,0.031383,0.69985,0.99488,1.1945,0.62629,1.0012,1.2191,0.020334,0.029336,0.023467,0.624,0.812,0.9984,0.5032,0.8512,0.94,2191.6,5.7016e+05
2,0.24539,-0.82744,-0.29953,4,3,3,2,4,4,0.032669,0.025293,0.026736,0.69985,0.62073,0.76238,0.27405,0.80204,0.77301,0.027137,0.0194,0.021626,0.544,0.4864,0.6528,0.1472,0.6656,0.4928,2240.2,5.8273e+05
2,0.21611,-0.89416,-0.26325,3,3,5,3,5,3,0.028666,0.036424,0.031072,0.53605,0.6465,1.2752,0.5481,1.0568,0.76024,0.023615,0.030238,0.024919,0.4256,0.576,0.9952,0.2944,0.7392,0.672,2289.3,5.9529e+05
2,0.3613,-0.88162,-0.27077,2,3,5,2,3,3,0.046941,0.036282,0.030041,0.47121,0.6465,1.2558,0.35051,0.71827,0.76024,0.041053,0.028324,0.022708,0.4352,0.576,0.9728,0.2408,0.5632,0.672,2338.7,6.0787e+05
2,0.32172,-0.87799,-0.27312,3,3,6,2,4,4,0.10465,0.035356,0.030974,0.60744,0.66271,1.1669,0.47852,0.74942,0.86284,0.095302,0.028002,0.022467,0.448,0.5328,0.8064,0.4488,0.6144,0.6528,2388.5,6.2044e+05
2,0.063385,-0.888,-0.35049,3,3,4,2,3,3,0.031321,0.02596,0.022997,0.49487,0.60911,0.7045,0.35051,0.6465,0.6465,0.022537,0.020939,0.018192,0.336,0.5376,0.5632,0.2408,0.576,0.576,2438.7,6.3302e+05
2,0.099426,-0.83606,-0.32927,3,4,5,3,4,3,0.044438,0.038276,0.033826,0.69985,0.92162,1.0812,0.62629,1.027,0.87691,0.033346,0.031423,0.02542,0.624,0.7816,0.8128,0.5032,0.8832,0.7728,2489.2,6.456e+05
2,0.25507,-0.78198,-0.30559,3,6,4,3,4,3,0.059273,0.044509,0.038597,0.57711,1.6458,0.84177,0.63888,0.85714,0.77301,0.045093,0.03426,0.030904,0.5376,1.304,0.672,0.544,0.704,0.6336,2540,6.5819e+05
2,0.15355,-0.81332,-0.32701,2,3,5,3,4,4,0.024537,0.041536,0.028144,0.50467,0.72731,1.0812,0.67733,0.80204,0.98995,0.019926,0.032126,0.02226,0.4992,0.5376,0.9152,0.6032,0.6656,0.8256,2591,6.7079e+05
2,0.14067,-0.80328,-0.3131,6,10,9,4,7,4,0.06734,0.066059,0.045676,1.1877,2.5927,1.8892,0.99877,1.4934,1.1036,0.051308,0.04882,0.03282,0.8512,1.908,1.3408,0.8432,1.0624,0.9088,2642.4,6.8342e+05
2,0.023193,-0.87088,-0.31316,4,6,6,3,5,4,0.038529,0.043327,0.041142,0.83397,1.2919,1.2688,0.63888,1.3056,1.0631,0.030111,0.036938,0.033671,0.6912,1.0408,1.0272,0.544,1.0944,0.9512,2694.2,6.9626e+05
2,0.015808,-0.83661,-0.33055,3,2,7,2,4,4,0.018139,0.035808,0.032568,0.49487,0.49487,1.2752,0.43142,0.8437,0.98478,0.014159,0.027767,0.026515,0.336,0.48,0.768,0.3648,0.7072,0.832,2746.3,7.0911e+05
2,0.16792,-0.80818,-0.32604,5,6,9,2,5,3,0.03954,0.06278,0.032383,0.94415,1.7186,2.5156,0.47121,1.0174,0.83397,0.029675,0.050693,0.026297,0.6624,1.3968,2.1664,0.4352,0.7776,0.7488,2798.7,7.2204e+05
2,0.14008,-0.82588,-0.30539,3,3,4,3,5,5,0.019463,0.041839,0.03979,0.63116,0.57286,1.0962,0.74942,1.2122,1.1429,0.015435,0.033393,0.031823,0.5184,0.4368,0.944,0.6656,1.04,0.928,2851.4,7.3502e+05
2,0.14358,-0.82844,-0.30466,5,2,7,4,7,6,0.022617,0.050552,0.053714,0.99468,0.49487,1.5119,0.98974,1.7304,1.2002,0.01759,0.041903,0.042255,0.7296,0.48,1.2,0.832,1.3792,0.8856,2904.5,7.4802e+05
2,0.13719,-0.79971,-0.27507,5,3,7,3,7,7,0.027986,0.050589,0.054511,1.1599,0.63535,1.5877,0.67036,1.6826,1.8905,0.020873,0.040911,0.043803,0.9344,0.532,1.2608,0.516,1.3664,1.6208,2957.9,7.6109e+05
2,0.2245,-0.67418,-0.22421,7,14,12,9,16,8,0.059214,0.098395,0.079316,1.4569,3.8388,3.0772,2.2542,3.3845,1.9614,0.041198,0.065555,0.050324,0.96,2.7392,2.368,1.744,2.3328,1.52,3011.5,7.7463e+05
2,0.20825,-0.73413,-0.32967,11,16,15,3,6,7,0.090102,0.070652,0.060719,2.5765,4.6653,3.1852,0.63535,1.5524,1.9734,0.063294,0.05084,0.046161,2.0736,3.7552,2.2464,0.5704,1.2864,1.6152,3065.6,7.9341e+05
2,0.16338,-0.75787,-0.31911,7,11,11,3,7,10,0.059666,0.069574,0.057394,1.5939,2.2829,2.8589,0.69076,1.6903,2.8175,0.043923,0.055963,0.045984,1.2128,1.8784,2.2112,0.5576,1.392,2.0544,3119.9,8.1278e+05
2,0.29701,-0.75125,-0.28598,10,11,7,5,7,9,0.078022,0.04958,0.065256,2.473,3.3882,1.6162,1.0926,1.5908,2.0946,0.051894,0.036748,0.050756,1.904,2.516,1.328,0.756,1.232,1.5352,3174.4,8.3288e+05
2,0.14575,-0.79411,-0.30977,3,5,6,2,4,5,0.030578,0.037688,0.043604,0.63888,1.2856,1.293,0.47852,0.85141,1.1473,0.024491,0.028657,0.033621,0.576,0.98,0.9984,0.4488,0.7168,0.876,3229.3,8.5302e+05
2,0.16737,-0.80789,-0.3082,3,6,5,2,6,7,0.035977,0.038943,0.046101,0.63116,1.5635,1.2778,0.47121,1.3303,1.8871,0.028448,0.029914,0.034527,0.5632,1.2696,1.072,0.4352,0.9632,1.5,3284.5,8.7318e+05
2,0.16814,-0.71201,-0.30765,6,7,10,3,10,7,0.052546,0.064032,0.057393,1.5407,2.1805,2.4565,0.6465,2.0057,2.0863,0.040636,0.047077,0.046291,1.312,1.7864,1.7952,0.576,1.2896,1.7984,3339.9,8.9348e+05
2,0.17111,-0.7607,-0.30341,5,7,8,3,9,7,0.05175,0.060166,0.064479,1.2867,1.8029,2.0659,0.86094,2.2627,1.7379,0.041708,0.044502,0.050666,1.0464,1.5232,1.6896,0.7616,1.8016,1.312,3395.6,9.1388e+05
2,0.16106,-0.71268,-0.30333,4,7,7,4,8,10,0.048653,0.065248,0.062151,0.87037,2.0737,1.6728,1.0506,1.8952,2.4619,0.038706,0.049336,0.047957,0.7296,1.6576,1.4304,0.896,1.488,1.7768,3451.5,9.3442e+05
2,0.10162,-0.78908,-0.43074,3,2,5,2,4,3,0.019239,0.035702,0.029486,0.51745,0.50346,1.2993,0.37033,1.0428,0.71827,0.015324,0.026991,0.022713,0.384,0.4968,0.9632,0.2688,0.8448,0.5632,3507.7,9.5506e+05
2,0.19585,-0.76518,-0.3223,6,7,11,4,10,5,0.06391,0.066312,0.064821,1.2362,1.7028,2.3547,1.0093,1.9778,1.4223,0.049426,0.050231,0.053881,0.9696,1.3312,1.7088,0.8448,1.456,1.1568,3564.1,9.7582e+05
2,0.1255,-0.84689,-0.33109,3,5,4,3,3,3,0.034883,0.035414,0.029403,0.63888,1.3805,1.069,0.62073,0.7045,0.73983,0.0292,0.028189,0.024343,0.576,1.1648,0.88,0.4864,0.5984,0.564,3620.8,9.9664e+05
2,0.14975,-0.82607,-0.31227,3,5,4,3,4,3,0.038448,0.037972,0.040202,0.62073,1.3915,0.83397,0.60744,0.90351,0.76265,0.030393,0.031462,0.030737,0.4864,1.1584,0.6912,0.5184,0.768,0.612,3677.7,1.0175e+06
2,0.14568,-0.86162,-0.37181,2,4,2,1,2,2,0.020568,0.022563,0.043167,0.27405,0.86094,0.32826,0,0.32826,0.37033,0.01629,0.018915,0.036678,0.1472,0.672,0.2112,0,0.2112,0.2688,3734.9,1.0383e+06
2,0.13727,-0.76376,-0.45277,5,3,4,3,4,3,0.026867,0.028417,0.029611,0.8437,0.76265,0.72955,0.62073,0.74942,0.5406,0.020421,0.017531,0.019481,0.512,0.66,0.4704,0.4864,0.5472,0.5104,3792.3,1.0591e+06
2,0.10158,-0.87563,-0.32007,3,3,2,1,2,3,0.026047,0.027299,0.057066,0.46773,0.64555,0.32826,0,0.37033,0.57286,0.020824,0.023105,0.052031,0.2816,0.5704,0.2112,0,0.2688,0.4368,3850,1.08e+06
2,0.081207,-0.86668,-0.47415,1,1,1,1,1,1,0.011488,0.0057096,0.0075424,0,0,0,0,0,0,0.0095347,0.004805,0.0063672,0,0,0,0,0,0,3907.8,1.1008e+06
2,0.077454,-0.86887,-0.46939,1,1,1,1,1,1,0.011437,0.0052406,0.0063282,0,0,0,0,0,0,0.0098042,0.0043412,0.0050626,0,0,0,0,0,0,3965.9,1.1216e+06
2,0.074127,-0.86855,-0.46042,1,1,1,1,1,1,0.0096192,0.0044684,0.0074861,0,0,0,0,0,0,0.0085295,0.0032902,0.0058184,0,0,0,0,0,0,4024.2,1.1425e+06
2,0.10794,-0.85893,-0.47969,1,2,1,1,1,1,0.020663,0.0058864,0.0066612,0,0.46291,0,0,0,0,0.017192,0.0046564,0.0055354,0,0.42,0,0,0,0,4082.6,1.1633e+06
2,0.10536,-0.858,-0.48389,1,2,1,1,1,1,0.011935,0.0047766,0.0071304,0,0.38809,0,0,0,0,0.0099773,0.0035009,0.0055002,0,0.2952,0,0,0,0,4141.3,1.1841e+06
2,0.10704,-0.86481,-0.4812,2,2,1,1,1,1,0.013136,0.004197,0.0053811,0.32826,0.50467,0,0,0,0,0.011714,0.0033007,0.0043773,0.2112,0.4992,0,0,0,0,4200.2,1.205e+06
2,0.10593,-0.86162,-0.47758,2,2,1,1,1,1,0.012543,0.0045286,0.0073084,0.43142,0.43142,0,0,0,0,0.010208,0.003531,0.0061505,0.3648,0.3648,0,0,0,0,4259.2,1.2258e+06
2,0.10487,-0.85649,-0.47154,1,1,1,1,1,1,0.010928,0.0068267,0.0090013,0,0,0,0,0,0,0.009318,0.0054548,0.0071614,0,0,0,0,0,0,4318.5,1.2466e+06
2,0.10947,-0.86418,-0.48064,1,1,1,1,1,1,0.010542,0.0046134,0.0052914,0,0,0,0,0,0,0.0091602,0.0038812,0.0043919,0,0,0,0,0,0,4377.9,1.2675e+06
2,0.10941,-0.85815,-0.48004,1,2,1,1,1,1,0.012437,0.0059884,0.006743,0,0.27405,0,0,0,0,0.010818,0.0049052,0.0050967,0,0.1472,0,0,0,0,4437.6,1.2883e+06
2,0.11438,-0.85007,-0.46785,2,2,1,1,2,1,0.013855,0.011173,0.019002,0.32826,0.43142,0,0,0.19795,0,0.011572,0.0099991,0.016136,0.2112,0.3648,0,0,0.0768,0,4497.4,1.3091e+06
2,0.12102,-0.79057,-0.45021,3,3,4,3,4,6,0.026347,0.030004,0.031054,0.49487,0.76158,0.95276,0.59109,0.74942,1.3933,0.021708,0.019929,0.020783,0.336,0.6696,0.7296,0.4032,0.5472,0.9424,4557.4,1.33e+06
2,0.22369,-0.80362,-0.35629,3,6,6,2,5,4,0.042851,0.04406,0.044209,0.57143,1.7761,1.4205,0.50508,1.049,0.9998,0.034221,0.034137,0.036432,0.528,1.456,1.1296,0.5,0.768,0.8264,4617.6,1.3508e+06
2,0.30153,-0.75713,-0.30434,5,8,6,4,6,8,0.076175,0.070493,0.057906,1.0506,2.1286,1.8178,1.2488,1.5908,2.3348,0.05727,0.053679,0.046027,0.8384,1.808,1.4912,1.1368,1.36,2.0176,4678,1.3717e+06
2,0.20444,-0.7332,-0.29807,6,7,11,6,12,8,0.056236,0.090934,0.079881,1.3498,1.7687,2.3477,1.5016,2.5343,2.0825,0.045129,0.063208,0.057561,1.1136,1.4848,1.7184,1.1536,1.7824,1.724,4738.7,1.3929e+06
2,0.11592,-0.78868,-0.41341,3,2,6,2,4,5,0.02838,0.038833,0.037771,0.67128,0.46291,1.3242,0.49031,0.76024,1.1578,0.02138,0.029578,0.029065,0.4704,0.42,0.944,0.4712,0.6272,0.8464,4799.6,1.4141e+06
2,0.10602,-0.7953,-0.46042,3,2,5,2,2,3,0.019642,0.023668,0.016914,0.59109,0.37033,0.99468,0.30305,0.45356,0.45175,0.013381,0.017416,0.013724,0.4032,0.2688,0.6912,0.18,0.4032,0.328,4860.7,1.4354e+06
2,0.10513,-0.80107,-0.41351,4,5,5,2,4,6,0.029499,0.033881,0.028268,0.75593,1.1241,1.2282,0.37033,0.76238,1.4148,0.022712,0.025677,0.020956,0.624,0.7296,1.0144,0.2688,0.6144,0.9792,4921.9,1.4566e+06
2,0.083344,-0.81874,-0.3989,2,5,6,2,3,3,0.024731,0.035789,0.031191,0.40406,1.0506,1.3498,0.27405,0.70682,0.93808,0.021745,0.028713,0.024062,0.32,0.8352,0.9824,0.1472,0.624,0.8816,4983.4,1.4779e+06
2,0.077621,-0.86241,-0.34178,2,2,3,1,2,4,0.022746,0.022568,0.019986,0.32826,0.49031,0.80204,0,0.40406,1.0506,0.018927,0.017232,0.015362,0.2112,0.4712,0.7168,0,0.32,0.9216,5045.2,1.4991e+06
2,0.050613,-0.85736,-0.33537,2,3,4,3,4,3,0.014589,0.028274,0.02507,0.27405,0.62629,0.88156,0.59109,0.91607,0.5406,0.012066,0.023086,0.019819,0.1472,0.5032,0.7488,0.4032,0.7296,0.5104,5107.2,1.5204e+06
2,0.071518,-0.73552,-0.26912,2,3,8,2,6,5,0.019143,0.044707,0.033172,0.49487,0.70102,1.432,0.50346,1.069,1.1429,0.0148,0.031745,0.024639,0.48,0.4816,0.9792,0.4968,0.64,0.832,5169.4,1.5417e+06
2,0.067764,-0.8582,-0.3004,2,3,3,3,4,4,0.020396,0.035183,0.029389,0.48487,0.67006,0.7709,0.64681,1.0302,0.93917,0.016989,0.028513,0.023227,0.4608,0.6,0.6688,0.58,0.8,0.7656,5231.9,1.5629e+06
2,0.059021,-0.87079,-0.2708,3,3,4,2,3,4,0.01799,0.031227,0.026519,0.55107,0.6465,0.80812,0.37033,0.70682,0.85452,0.014988,0.023982,0.022262,0.4608,0.576,0.64,0.2688,0.6144,0.6696,5294.6,1.5842e+06
2,0.051987,-0.91155,-0.19536,2,3,5,2,5,3,0.017856,0.030775,0.030228,0.43142,0.74942,0.96806,0.37033,1.0093,0.63888,0.014776,0.024009,0.025282,0.3648,0.6656,0.6912,0.2688,0.768,0.544,5357.7,1.6055e+06
2,0.057327,-0.94975,-0.14441,2,2,3,2,3,3,0.017119,0.029517,0.036947,0.37033,0.47121,0.64397,0.43142,0.6465,0.62073,0.013904,0.023463,0.02953,0.2688,0.4352,0.5632,0.3648,0.5824,0.4864,5421.2,1.6268e+06
2,0.028503,-0.95631,-0.11865,1,2,2,2,2,3,0.013361,0.026889,0.04688,0,0.30305,0.37033,0.37033,0.37033,0.53452,0.011142,0.021295,0.035504,0,0.18,0.2688,0.2688,0.2688,0.504,5485.1,1.648e+06
2,0.12051,-0.83362,-0.32507,2,4,3,1,2,3,0.04158,0.023644,0.033746,0.32826,0.74396,0.49487,0,0.47121,0.72168,0.035124,0.017649,0.027146,0.2112,0.4224,0.336,0,0.4352,0.5616,5549.4,1.6693e+06
2,0.38917,-0.78683,-0.27759,6,5,9,3,4,6,0.086944,0.049586,0.040483,1.3192,1.3952,1.7124,0.64681,1.049,1.1008,0.067641,0.039596,0.031427,1.0336,1.1904,1.0816,0.58,0.8448,0.82,5613.9,1.6906e+06
2,0.35902,-0.78914,-0.31548,5,8,8,3,6,6,0.067402,0.051849,0.042434,1.1753,1.9604,1.8295,0.61445,1.3093,1.3286,0.052722,0.037324,0.032402,0.8832,1.376,1.376,0.468,0.96,0.916,5678.6,1.712e+06
2,0.070374,-0.82504,-0.4809,2,3,3,2,3,2,0.019464,0.023204,0.022801,0.19795,0.62073,0.51745,0.27405,0.63888,0.47121,0.015826,0.018293,0.018308,0.0768,0.4864,0.384,0.1472,0.544,0.4352,5743.6,1.7333e+06
2,0.064835,-0.80296,-0.47896,2,2,4,2,3,2,0.021742,0.027544,0.020456,0.37033,0.37033,0.72955,0.43142,0.70682,0.41845,0.017493,0.021803,0.016032,0.2688,0.2688,0.576,0.3648,0.6144,0.3432,5808.7,1.7547e+06
2,0.12059,-0.76398,-0.39569,4,7,7,2,5,4,0.039832,0.050886,0.042782,0.87037,2.0659,1.6483,0.49487,1.4148,0.88063,0.028897,0.038808,0.033443,0.7296,1.7216,1.3312,0.48,1.2384,0.76,5874,1.7761e+06
2,0.10286,-0.72853,-0.38765,4,5,6,4,7,4,0.030795,0.04788,0.0455,0.74066,1.2879,1.5618,0.85452,1.6413,1.2022,0.02257,0.035034,0.035406,0.512,1.0912,1.2992,0.6696,1.28,1.004,5939.5,1.7975e+06
2,0.06665,-0.81473,-0.44814,2,3,4,2,3,3,0.02664,0.029164,0.023596,0.45356,0.9267,0.89807,0.47852,0.70682,0.84781,0.022183,0.02365,0.01882,0.4032,0.864,0.768,0.4488,0.624,0.7656,6005.2,1.8189e+06
2,0.10576,-0.82251,-0.37817,2,2,3,2,3,2,0.017592,0.027608,0.035749,0.37033,0.27405,0.75593,0.27405,0.57711,0.50143,0.014383,0.021376,0.028707,0.2688,0.1472,0.672,0.1472,0.528,0.4928,6071,1.8403e+06
2,0.14882,-0.83934,-0.37322,2,2,3,2,3,3,0.017821,0.026741,0.026439,0.40406,0.47121,0.67128,0.27405,0.63888,0.62629,0.014334,0.021607,0.021604,0.32,0.4352,0.576,0.1472,0.544,0.5032,6137.1,1.8618e+06
2,0.18312,-0.83884,-0.35866,2,2,3,2,3,2,0.016255,0.029341,0.024024,0.37033,0.37033,0.74942,0.35051,0.57711,0.43142,0.012299,0.024189,0.018314,0.2688,0.2688,0.6656,0.2408,0.528,0.3648,6203.3,1.8832e+06
2,0.19531,-0.82335,-0.29939,3,3,3,2,4,3,0.022378,0.034789,0.028857,0.63888,0.45175,0.64397,0.44309,0.88893,0.64175,0.018506,0.028465,0.02218,0.544,0.328,0.5632,0.3848,0.7392,0.58,6269.8,1.9046e+06
2,0.17345,-0.81978,-0.33846,3,3,4,3,4,3,0.025665,0.037153,0.029466,0.68333,0.60911,0.90351,0.62073,0.80812,0.81541,0.021834,0.030613,0.024949,0.5984,0.5568,0.704,0.4864,0.64,0.7176,6336.4,1.926e+06
2,0.1277,-0.83534,-0.32872,3,2,6,2,4,4,0.032044,0.036789,0.031805,0.55107,0.30305,1.3667,0.43142,1.1599,0.83397,0.025637,0.029714,0.024774,0.4608,0.18,1.0208,0.3648,0.9984,0.6336,6403.4,1.9475e+06
2,0.20285,-0.71281,-0.25874,7,4,14,3,7,5,0.039109,0.075501,0.046083,1.3559,1.1183,3.2826,0.6465,1.5312,1.5274,0.030558,0.055137,0.035821,0.9216,0.9152,2.512,0.576,1.1296,1.3648,6470.5,1.9692e+06
2,0.034363,-0.89877,-0.34456,2,2,4,2,3,3,0.014657,0.028147,0.025703,0.27405,0.37033,0.96129,0.27405,0.88156,0.66271,0.011618,0.022606,0.019386,0.1472,0.2688,0.7744,0.1472,0.8064,0.5328,6537.9,1.9911e+06
2,0.002853,-0.8159,-0.28494,3,2,8,3,8,4,0.018566,0.045109,0.045091,0.49487,0.41845,1.663,0.62073,1.8969,0.80331,0.015159,0.036428,0.034852,0.336,0.3432,1.328,0.4864,1.552,0.6336,6605.6,2.013e+06
2,-0.019409,-0.88402,-0.32538,2,2,3,1,4,3,0.016327,0.023237,0.029261,0.48487,0.40406,0.69985,0,1.027,0.62629,0.013267,0.018779,0.023362,0.4608,0.32,0.624,0,0.8832,0.5544,6673.6,2.035e+06
2,0.005051,-0.8365,-0.31526,3,2,5,2,6,4,0.028057,0.039868,0.042214,0.51745,0.46291,1.3242,0.37033,1.4647,0.90351,0.024692,0.032133,0.033847,0.384,0.42,0.944,0.2688,1.0848,0.704,6741.8,2.0569e+06
2,0.055466,-0.83424,-0.38837,3,2,6,2,5,5,0.019553,0.037516,0.038673,0.51745,0.30305,1.1036,0.47852,1.1945,1.2779,0.016001,0.030361,0.031057,0.384,0.18,0.7552,0.4488,0.9376,1.0304,6810.2,2.0789e+06
2,0.096893,-0.81494,-0.31473,3,2,5,3,8,5,0.022364,0.047814,0.051382,0.51745,0.49031,1.2752,0.64397,1.514,1.3566,0.018039,0.038378,0.037447,0.384,0.4712,1.0688,0.5632,1.072,1.2032,6878.9,2.1008e+06
2,0.092667,-0.79158,-0.36643,3,4,4,3,6,5,0.020207,0.033205,0.040915,0.55107,0.86094,1.0029,0.56025,1.2349,1.178,0.016079,0.026957,0.033986,0.4608,0.672,0.8448,0.324,0.9376,0.864,6947.7,2.1228e+06
2,0.076721,-0.79237,-0.39102,2,3,3,2,5,4,0.019292,0.035579,0.034973,0.27405,0.59109,0.77301,0.37033,1.1314,0.98582,0.015844,0.029183,0.0289,0.1472,0.4032,0.6336,0.2688,0.8064,0.7936,7016.7,2.1448e+06
2,0.053314,-0.85147,-0.36156,1,2,3,2,3,2,0.010481,0.022872,0.02647,0,0.27405,0.64397,0.37033,0.82214,0.48487,0.008851,0.018921,0.020523,0,0.1472,0.5632,0.2688,0.7296,0.4608,7085.9,2.1668e+06
2,0.071091,-0.84586,-0.35123,2,2,4,1,4,3,0.019297,0.02776,0.031492,0.27405,0.27405,0.96806,0,0.92494,0.7354,0.01582,0.021619,0.026109,0.1472,0.1472,0.7008,0,0.6976,0.644,7155.3,2.1888e+06
2,0.058762,-0.85259,-0.36078,2,2,3,2,5,3,0.012949,0.027154,0.031127,0.19795,0.43142,0.6465,0.37033,1.14,0.60744,0.010253,0.022713,0.025021,0.0768,0.3648,0.576,0.2688,0.9088,0.5184,7224.9,2.2107e+06
2,0.10509,-0.78726,-0.32719,2,3,6,2,8,4,0.018764,0.037309,0.045061,0.40406,0.6465,1.3974,0.43142,1.9654,0.96129,0.013948,0.027519,0.034854,0.32,0.576,0.928,0.3648,1.6352,0.7744,7294.7,2.2327e+06
2,0.075348,-0.82004,-0.33972,2,3,5,2,4,5,0.015368,0.031793,0.028931,0.32826,0.63888,1.3068,0.30305,0.89989,1.1082,0.011,0.024534,0.021609,0.2112,0.544,1.0688,0.18,0.736,0.7656,7364.8,2.2547e+06
2,0.044754,-0.84172,-0.35463,2,2,5,2,4,5,0.012658,0.034175,0.03427,0.19795,0.27405,1.2349,0.49031,1.069,1.1337,0.010132,0.027091,0.027692,0.0768,0.1472,0.9408,0.4712,0.88,0.7904,7435,2.2768e+06
2,0.059662,-0.86986,-0.34952,2,2,3,2,4,3,0.01621,0.022629,0.027089,0.47121,0.43142,0.6465,0.27405,0.94415,0.76238,0.013209,0.017358,0.021779,0.4352,0.3648,0.576,0.1472,0.736,0.6528,7505.5,2.2988e+06
2,0.13254,-0.81592,-0.32654,2,3,3,2,4,5,0.026101,0.028471,0.027792,0.37033,0.6465,0.68094,0.27405,0.74066,1.165,0.021319,0.021948,0.020904,0.2688,0.576,0.5376,0.1472,0.5984,0.868,7576.1,2.3208e+06
2,0.13315,-0.82614,-0.30473,4,3,6,2,5,5,0.022614,0.032555,0.029437,0.7045,0.59109,1.293,0.27405,1.0012,1.1572,0.017524,0.023127,0.020648,0.5632,0.4032,0.864,0.1472,0.7296,0.8584,7647,2.3428e+06
2,0.23239,-0.7793,-0.27931,6,8,9,3,6,6,0.057846,0.064623,0.065027,1.3797,1.9592,2.423,0.86094,1.3316,1.632,0.045396,0.043332,0.054378,0.992,1.536,1.9712,0.7616,1.136,1.232,7718.1,2.3649e+06
2,0.096161,-0.83258,-0.37283,2,3,4,2,6,2,0.026453,0.031604,0.03473,0.48487,0.74396,1.0029,0.47121,1.4148,0.47852,0.020491,0.025968,0.027665,0.4608,0.6384,0.8448,0.4352,1.1584,0.4488,7789.4,2.387e+06
2,0.04863,-0.85974,-0.33958,2,2,5,2,3,5,0.015262,0.033603,0.03658,0.27405,0.43142,1.1599,0.37033,0.82214,1.3845,0.012439,0.02527,0.028358,0.1472,0.3648,0.8608,0.2688,0.7296,1.1008,7860.9,2.4092e+06
2,0.1382,-0.85541,-0.36352,1,2,4,2,4,3,0.035851,0.025228,0.02497,0,0.38809,0.90351,0.14142,1.069,0.45175,0.030831,0.021615,0.018326,0,0.2952,0.768,0.0392,0.864,0.328,7932.6,2.4313e+06
2,0.15132,-0.85629,-0.36333,2,2,3,2,4,4,0.016453,0.02322,0.031672,0.32826,0.41845,0.57711,0.2399,0.96975,0.93131,0.012019,0.018637,0.024484,0.2112,0.3432,0.528,0.1128,0.8064,0.72,8004.6,2.4534e+06
2,0.12091,-0.83926,-0.31087,3,2,6,2,6,5,0.014906,0.037952,0.037731,0.59109,0.27405,1.2454,0.47121,1.3401,1.4321,0.011043,0.029973,0.030705,0.4032,0.1472,0.976,0.4352,1.04,1.2,8076.7,2.4755e+06
2,0.12279,-0.8006,-0.30942,2,2,6,3,6,4,0.019032,0.038053,0.036642,0.48487,0.43142,1.3903,0.63535,1.4078,0.99571,0.015148,0.027333,0.027649,0.4608,0.3648,1.0976,0.532,1.0656,0.8424,8149.1,2.4977e+06
2,0.15274,-0.79944,-0.36005,3,3,5,3,4,5,0.020668,0.038577,0.042473,0.62073,0.72309,1.2122,0.6667,1.1168,1.423,0.015501,0.031465,0.034238,0.4864,0.6216,1.04,0.5952,0.9888,1.2456,8221.7,2.5198e+06
2,0.14171,-0.76617,-0.35997,3,2,4,3,5,4,0.018858,0.036441,0.039147,0.51745,0.46291,1.0812,0.53452,1.178,1.0373,0.014641,0.027774,0.032285,0.384,0.42,0.8832,0.344,0.992,0.9072,8294.5,2.542e+06
2,0.14648,-0.81366,-0.34778,2,3,5,2,4,5,0.016217,0.031342,0.035897,0.37033,0.76238,0.95276,0.37033,0.86094,1.0721,0.013025,0.02374,0.028861,0.2688,0.6528,0.7072,0.2688,0.7168,0.8576,8367.4,2.5641e+06
2,0.18475,-0.82208,-0.3078,2,2,4,3,6,4,0.030336,0.037863,0.038732,0.40406,0.49031,0.97646,0.63888,1.3056,0.96806,0.026827,0.030097,0.031355,0.32,0.4712,0.8064,0.544,0.9984,0.6272,8440.5,2.5863e+06
2,0.17473,-0.8582,-0.29533,2,4,4,2,4,5,0.031872,0.031664,0.034552,0.48487,0.92162,0.78142,0.37033,0.97646,1.4422,0.025128,0.025362,0.026844,0.4608,0.74,0.5376,0.2688,0.8064,1.1008,8513.9,2.6085e+06
2,0.13031,-0.82568,-0.29244,3,4,4,2,5,2,0.020073,0.030133,0.033992,0.55107,0.95276,1.0174,0.27405,1.2675,0.46291,0.015468,0.023897,0.026854,0.4608,0.7296,0.8736,0.1472,1.0176,0.42,8587.4,2.6306e+06
2,0.12314,-0.75954,-0.2323,2,3,10,2,6,5,0.02746,0.054995,0.047996,0.32826,0.74533,2.2519,0.49487,1.3254,1.3637,0.022781,0.042314,0.035075,0.2112,0.66,1.5712,0.48,1.0208,1.1184,8661.1,2.6528e+06
2,0.17143,-0.76041,-0.24988,5,3,9,6,12,7,0.032287,0.073637,0.068493,1.1891,0.70826,1.8736,1.3667,2.8986,1.5232,0.025442,0.050554,0.044574,0.9152,0.5928,1.36,0.8704,1.8976,1.0192,8735.1,2.6751e+06
2,0.16206,-0.80899,-0.25229,3,5,9,2,7,7,0.039304,0.055169,0.049574,0.69282,1.1988,1.9811,0.47121,1.3242,1.9261,0.030872,0.040786,0.034084,0.5472,0.9984,1.5072,0.4352,0.8608,1.5232,8809.3,2.6977e+06
2,0.10947,-0.8493,-0.30603,2,2,5,2,5,4,0.02145,0.042361,0.037367,0.43142,0.41845,1.2778,0.37033,1.3559,1.1578,0.016713,0.035184,0.028662,0.3648,0.3432,1.072,0.2688,1.1008,0.9936,8883.7,2.7202e+06
2,0.084152,-0.89307,-0.35188,2,2,3,1,4,3,0.014819,0.022197,0.026245,0.32826,0.37033,0.7045,0,1.0012,0.52528,0.011543,0.018132,0.021686,0.2112,0.2688,0.6272,0,0.8512,0.4752,8958.4,2.7428e+06
2,0.11084,-0.86552,-0.34227,3,2,5,2,5,5,0.0259,0.0364,0.035809,0.7045,0.49031,1.2415,0.37033,1.4148,1.1256,0.019889,0.030307,0.026862,0.5984,0.4712,1.0432,0.2688,1.1808,0.8928,9033.3,2.7653e+06
2,0.10848,-0.7673,-0.30112,2,2,8,2,7,6,0.022585,0.047973,0.045628,0.37033,0.50143,1.8718,0.44309,1.5032,1.5909,0.019023,0.035383,0.034394,0.2688,0.4928,1.5168,0.3848,1.152,1.3048,9108.5,2.7879e+06
2,0.14487,-0.77696,-0.32726,3,4,10,3,11,6,0.029145,0.060512,0.059592,0.8437,0.88086,2.5091,0.61445,2.2131,1.4824,0.022856,0.045416,0.044809,0.7616,0.6536,1.8528,0.468,1.536,1.0816,9183.9,2.8107e+06
2,0.11052,-0.83325,-0.40701,2,2,4,2,5,4,0.020461,0.030348,0.033782,0.45356,0.27405,0.80407,0.43142,1.1168,0.94954,0.016638,0.02616,0.028035,0.4032,0.1472,0.5888,0.3648,0.8672,0.7656,9259.4,2.8335e+06
2,0.093369,-0.81132,-0.34334,2,4,5,2,6,5,0.021979,0.035562,0.046446,0.27405,0.82214,1.0887,0.27405,1.4032,1.3001,0.017855,0.026994,0.038685,0.1472,0.4416,0.896,0.1472,1.0944,1.0152,9335.1,2.8563e+06
2,0.11334,-0.84462,-0.32684,3,3,5,2,6,4,0.018932,0.034491,0.03532,0.56279,0.6465,1.066,0.47121,1.2081,0.80913,0.014483,0.02643,0.028791,0.4896,0.576,0.7616,0.4352,0.8896,0.6912,9411,2.8791e+06
2,0.063477,-0.85663,-0.34805,2,3,3,2,3,4,0.016012,0.026243,0.029084,0.43142,0.63888,0.716,0.27405,0.80812,1.0264,0.013186,0.021879,0.023701,0.3648,0.544,0.608,0.1472,0.704,0.9176,9487.2,2.9019e+06
2,0.079193,-0.81497,-0.37259,2,2,5,2,4,3,0.015734,0.032558,0.03415,0.40406,0.43142,0.96806,0.43142,0.98644,0.60744,0.01163,0.026031,0.028734,0.32,0.3648,0.6976,0.3648,0.8096,0.5184,9563.5,2.9247e+06
2,0.13594,-0.77461,-0.31015,4,4,6,3,4,7,0.022506,0.042533,0.045182,0.70682,0.86284,1.1528,0.63535,1.2149,1.8097,0.015545,0.034274,0.035666,0.5824,0.6528,0.8672,0.5704,1.088,1.4272,9639.9,2.9475e+06
2,0.10466,-0.82996,-0.32785,4,4,5,2,5,5,0.022641,0.036019,0.038504,0.76238,0.81441,1.1542,0.48487,1.1599,1.4658,0.018397,0.02614,0.02991,0.6144,0.7,0.9152,0.4608,0.8608,1.2032,9716.6,2.9704e+06
2,0.098511,-0.77449,-0.27666,3,4,7,3,9,5,0.028433,0.051921,0.050245,0.69282,1.0947,1.5887,0.75593,1.8499,1.4178,0.02338,0.039585,0.038624,0.6144,0.8704,1.2224,0.672,1.3504,1.2,9793.5,2.9932e+06
2,0.13075,-0.70148,-0.31085,5,5,10,3,8,7,0.037009,0.065139,0.056779,1.0428,1.3346,2.535,0.62629,2.0706,1.6383,0.029183,0.049007,0.045242,0.8448,1.1184,2.176,0.5032,1.6384,1.248,9870.6,3.0162e+06
2,0.11714,-0.80177,-0.3313,3,3,8,3,5,4,0.025481,0.051751,0.038379,0.7045,0.75295,1.8796,0.75295,1.2623,1.0022,0.021727,0.038035,0.029971,0.6272,0.6696,1.552,0.6696,1.056,0.848,9947.9,3.0392e+06
2,0.17891,-0.85265,-0.31401,4,4,4,3,6,3,0.028052,0.039219,0.038834,0.81215,0.98333,0.96806,0.64175,1.4251,0.72955,0.021606,0.031035,0.028484,0.672,0.82,0.768,0.5544,1.2032,0.6336,10025,3.0622e+06
2,0.14223,-0.88718,-0.30878,3,2,3,2,3,3,0.020522,0.026657,0.028799,0.55107,0.47121,0.72955,0.27405,0.6465,0.6465,0.015916,0.022169,0.023299,0.4608,0.4352,0.6336,0.1472,0.5824,0.576,10103,3.0852e+06
2,0.12874,-0.87593,-0.21912,3,4,6,2,4,3,0.029051,0.032233,0.032766,0.57143,0.85332,1.2943,0.27405,0.85141,0.57143,0.023504,0.024742,0.024889,0.512,0.5888,0.9216,0.1472,0.7168,0.448,10181,3.1082e+06
2,0.12917,-0.87984,-0.23721,2,3,2,2,3,3,0.01868,0.030349,0.058608,0.32826,0.63535,0.27405,0.27405,0.57143,0.59109,0.014854,0.022742,0.0455,0.2112,0.532,0.1472,0.1472,0.512,0.4032,10259,3.1313e+06
2,0.11092,-0.89392,-0.40742,1,1,1,1,2,2,0.0076978,0.0047247,0.0094923,0,0,0,0,0.19795,0.27405,0.0068948,0.0035746,0.006974,0,0,0,0,0.0768,0.1472,10338,3.1543e+06
2,0.11002,-0.8988,-0.40868,1,1,1,1,1,1,0.0072601,0.0044373,0.0082292,0,0,0,0,0,0,0.0060615,0.0033869,0.0066995,0,0,0,0,0,0,10416,3.1773e+06
2,0.114,-0.89848,-0.40962,1,1,1,1,1,1,0.0073913,0.0039862,0.007726,0,0,0,0,0,0,0.006098,0.0031488,0.0065333,0,0,0,0,0,0,10495,3.2003e+06
2,0.1122,-0.89049,-0.40311,1,2,1,1,1,1,0.0085552,0.0059184,0.0089492,0,0.35051,0,0,0,0,0.0068324,0.0042349,0.0069092,0,0.2408,0,0,0,0,10574,3.2234e+06
2,0.12421,-0.86836,-0.42093,3,2,1,1,2,1,0.016085,0.012259,0.021041,0.53605,0.47852,0,0,0.27405,0,0.012983,0.010402,0.017459,0.4256,0.4488,0,0,0.1472,0,10653,3.2464e+06
2,0.11131,-0.81851,-0.45712,2,3,3,1,2,2,0.027569,0.020996,0.030684,0.40406,0.76238,0.51745,0,0.47121,0.47121,0.022882,0.016713,0.025166,0.32,0.6528,0.384,0,0.4352,0.4352,10733,3.2694e+06
2,0.070465,-0.74968,-0.4193,3,4,9,2,3,3,0.03092,0.041463,0.029244,0.6465,1.0428,1.6142,0.47121,0.64397,0.78246,0.025473,0.030678,0.023806,0.576,0.7744,0.8544,0.4352,0.5632,0.696,10812,3.2925e+06
2,0.067261,-0.79326,-0.35031,3,5,5,3,5,3,0.033316,0.037868,0.034919,0.6465,1.2454,1.1066,0.63116,1.1542,0.82906,0.025444,0.029411,0.027956,0.5824,0.992,0.832,0.5632,0.8832,0.6992,10892,3.3155e+06
2,0.1577,-0.78818,-0.30295,5,7,7,4,8,5,0.048231,0.072836,0.056973,1.2867,1.921,1.7733,1.1183,2.105,1.143,0.039536,0.059248,0.04539,1.0464,1.5072,1.456,0.9152,1.7536,0.8704,10971,3.3386e+06
2,0.094437,-0.82427,-0.46829,2,2,3,2,3,3,0.017718,0.024339,0.022187,0.37033,0.46291,0.67128,0.27405,0.57143,0.63535,0.014294,0.020245,0.017058,0.2688,0.42,0.576,0.1472,0.512,0.532,11051,3.3617e+06
2,0.10742,-0.80397,-0.45451,3,3,4,1,3,3,0.021514,0.028434,0.023722,0.56279,0.85141,0.96129,0,0.75593,0.74533,0.017014,0.024218,0.019057,0.4896,0.768,0.8448,0,0.672,0.66,11131,3.3848e+06
2,0.10701,-0.84187,-0.4241,3,2,4,2,3,2,0.017522,0.020868,0.025119,0.51745,0.27405,0.74066,0.27405,0.69282,0.48487,0.014342,0.015747,0.019517,0.384,0.1472,0.512,0.1472,0.6144,0.4608,11212,3.4079e+06
2,0.10059,-0.82201,-0.33568,2,3,5,3,7,5,0.019053,0.041583,0.048308,0.43142,0.76024,1.0254,0.64397,1.6413,1.328,0.015034,0.0323,0.035957,0.3648,0.672,0.768,0.5824,1.312,1.072,11292,3.431e+06
2,0.094223,-0.83118,-0.37151,2,2,4,2,3,3,0.01237,0.026882,0.028708,0.19795,0.37033,0.7045,0.43142,0.57994,0.85141,0.0094621,0.022571,0.023518,0.0768,0.2688,0.5632,0.3648,0.5408,0.768,11373,3.4542e+06
2,0.12447,-0.84711,-0.38545,2,2,3,1,3,3,0.012853,0.021686,0.02066,0.32826,0.27405,0.64397,0,0.51745,0.62073,0.010276,0.018115,0.016126,0.2112,0.1472,0.5824,0,0.384,0.4864,11453,3.4773e+06
2,0.094055,-0.83897,-0.3107,2,2,3,2,5,3,0.021546,0.025498,0.029315,0.37033,0.47121,0.85141,0.37033,0.91607,0.81916,0.017471,0.017715,0.021328,0.2688,0.4352,0.768,0.2688,0.6688,0.7344,11534,3.5004e+06
2,0.087601,-0.83278,-0.30487,2,2,6,2,5,3,0.018581,0.028586,0.029895,0.45356,0.47121,1.1528,0.27405,1.3192,0.5406,0.014081,0.021949,0.022561,0.4032,0.4352,0.7904,0.1472,1.1264,0.5104,11615,3.5236e+06
2,0.11748,-0.74687,-0.25262,4,3,7,3,8,6,0.021525,0.045119,0.050517,0.81215,0.64397,1.4286,0.85141,1.8223,1.4542,0.017163,0.033007,0.039757,0.672,0.5824,1.056,0.768,1.4336,1.168,11697,3.5467e+06
2,0.11841,-0.79372,-0.25288,2,3,6,3,8,7,0.023904,0.048523,0.055165,0.47121,0.659,1.2014,0.76024,1.7861,2.08,0.018518,0.040081,0.042801,0.4352,0.4928,0.9792,0.672,1.472,1.92,11778,3.5699e+06
2,0.14836,-0.823,-0.27091,3,3,8,2,6,4,0.023183,0.039696,0.033177,0.57143,0.6465,1.7076,0.41845,1.1891,0.97917,0.018153,0.02915,0.027134,0.512,0.576,1.1808,0.3432,0.8448,0.7872,11860,3.5931e+06
2,0.08493,-0.86339,-0.25745,3,3,5,2,7,3,0.019154,0.032325,0.038056,0.51745,0.6465,1.2778,0.30305,1.4868,0.714,0.015349,0.024098,0.030368,0.384,0.576,1.008,0.18,1.088,0.5096,11942,3.6163e+06
2,0.11101,-0.89873,-0.27251,3,4,5,2,3,3,0.025384,0.034857,0.029236,0.75593,0.8437,1.049,0.49031,0.80812,0.64555,0.019825,0.028902,0.024664,0.64,0.5376,0.768,0.4712,0.64,0.5832,12024,3.6395e+06
2,0.33421,-0.79959,-0.17104,4,5,6,3,7,5,0.095993,0.050826,0.055506,0.9267,1.5292,1.3486,0.74066,1.6162,0.8797,0.08203,0.038839,0.03687,0.8064,1.3312,1.088,0.6528,1.312,0.6528,12106,3.6628e+06
2,0.41162,-0.80071,-0.35092,5,4,7,3,6,5,0.051454,0.056968,0.049072,1.2014,1.2171,1.6413,0.91718,1.4714,1.553,0.042087,0.044529,0.040039,1.0048,1.0728,1.36,0.8448,1.1232,1.4136,12189,3.686e+06
2,0.33444,-0.78888,-0.35822,4,7,8,4,6,7,0.06849,0.060074,0.054895,0.94761,1.8783,1.764,1.122,1.4263,1.7484,0.052813,0.049524,0.043864,0.72,1.4736,1.3312,0.9456,1.136,1.3632,12272,3.7093e+06
2,0.092392,-0.83031,-0.4411,2,2,4,1,4,3,0.016674,0.024957,0.030005,0.32826,0.46291,0.93547,0,0.94415,0.64555,0.013878,0.020895,0.025434,0.2112,0.42,0.816,0,0.7488,0.5832,12355,3.7326e+06
2,0.075943,-0.81813,-0.44348,2,2,4,2,3,2,0.015076,0.024237,0.022289,0.40406,0.47852,0.90351,0.37033,0.75593,0.47852,0.010552,0.018964,0.017426,0.32,0.4488,0.72,0.2688,0.64,0.4488,12438,3.7559e+06
2,0.031433,-0.83299,-0.46391,2,2,3,1,3,2,0.016147,0.019251,0.018845,0.19795,0.37033,0.6465,0,0.64397,0.37033,0.012038,0.015398,0.01606,0.0768,0.2688,0.576,0,0.5632,0.2688,12521,3.7792e+06
2,0.10619,-0.84257,-0.46623,2,2,3,2,2,2,0.032347,0.018261,0.015848,0.37033,0.43142,0.53605,0.27405,0.37033,0.43142,0.027156,0.013988,0.01324,0.2688,0.3648,0.4256,0.1472,0.2688,0.3648,12604,3.8025e+06
2,0.11473,-0.7832,-0.40836,3,2,3,2,4,5,0.020011,0.028555,0.02763,0.55107,0.27405,0.69985,0.37033,0.81215,1.1066,0.015683,0.022212,0.020286,0.4608,0.1472,0.576,0.2688,0.6336,0.672,12688,3.8258e+06
2,0.088272,-0.78482,-0.41753,3,2,6,2,4,3,0.016029,0.028749,0.025324,0.49487,0.37033,1.111,0.27405,0.9267,0.59109,0.01232,0.01978,0.019425,0.336,0.2688,0.7488,0.1472,0.8064,0.4032,12772,3.8492e+06
2,0.072617,-0.85172,-0.43362,2,1,3,1,3,2,0.013383,0.020148,0.017227,0.32826,0,0.55107,0,0.55107,0.41845,0.011001,0.016717,0.013656,0.2112,0,0.4608,0,0.4608,0.3432,12855,3.8725e+06
2,0.082504,-0.80971,-0.38471,3,2,7,2,6,4,0.019462,0.040811,0.038559,0.62073,0.37033,1.4569,0.37033,1.3845,0.93547,0.015695,0.030236,0.027357,0.4864,0.2688,1.024,0.2688,0.9216,0.7616,12939,3.8958e+06
2,0.097168,-0.83009,-0.35872,2,2,6,2,5,3,0.019832,0.035714,0.03549,0.37033,0.37033,1.2229,0.27405,1.1429,0.82338,0.015638,0.027749,0.027004,0.2688,0.2688,0.8224,0.1472,0.96,0.7392,13024,3.9191e+06
2,0.10313,-0.74054,-0.31291,4,5,13,5,11,5,0.027164,0.066795,0.062534,0.96975,1.1021,2.5188,1.1292,2.6515,1.122,0.019586,0.052741,0.04756,0.8064,0.768,1.7472,0.7696,1.9808,0.7984,13108,3.9426e+06
2,0.12624,-0.73582,-0.30946,3,2,6,3,5,3,0.029916,0.039854,0.030004,0.49487,0.37033,1.2349,0.53452,0.88156,0.62073,0.025502,0.025952,0.020263,0.336,0.2688,0.8736,0.344,0.6336,0.4864,13193,3.9663e+06
2,0.15639,-0.81871,-0.38034,3,2,9,5,5,3,0.019111,0.034661,0.027835,0.46773,0.30305,1.6333,0.61809,0.97646,0.5127,0.014787,0.023247,0.021945,0.2816,0.18,0.9408,0.288,0.7392,0.4624,13277,3.9899e+06
2,0.15686,-0.72334,-0.24081,4,2,5,5,13,3,0.025978,0.047531,0.048392,0.65652,0.35051,1.066,0.97813,2.5408,0.66055,0.020759,0.033646,0.031533,0.4032,0.2408,0.7616,0.5504,1.4688,0.5248,13362,4.0138e+06
2,0.069931,-0.84453,-0.4147,2,2,3,2,3,2,0.01301,0.025127,0.021444,0.27405,0.27405,0.79385,0.27405,0.6465,0.47852,0.010312,0.021326,0.016669,0.1472,0.1472,0.7072,0.1472,0.576,0.4488,13447,4.0378e+06
2,0.080887,-0.83002,-0.3954,2,2,4,2,4,3,0.015734,0.027908,0.031316,0.19795,0.46291,0.89807,0.27405,0.84177,0.91339,0.012827,0.021962,0.026007,0.0768,0.42,0.7168,0.1472,0.6848,0.8432,13532,4.0617e+06
2,0.059464,-0.85138,-0.37911,2,2,3,2,4,4,0.012777,0.027442,0.034721,0.27405,0.14142,0.85714,0.27405,0.96806,0.93808,0.010452,0.021743,0.027427,0.1472,0.0392,0.768,0.1472,0.7744,0.76,13617,4.0856e+06
2,0.099823,-0.83075,-0.38643,2,3,4,2,4,4,0.016133,0.031599,0.035402,0.27405,0.6465,0.87225,0.27405,1.1328,0.91785,0.013001,0.025234,0.028483,0.1472,0.576,0.6528,0.1472,0.9984,0.6016,13703,4.1095e+06
2,0.10143,-0.85821,-0.42204,2,2,4,2,3,2,0.010315,0.02362,0.016287,0.19795,0.27405,0.67128,0.27405,0.67128,0.37033,0.0075451,0.018306,0.012648,0.0768,0.1472,0.448,0.1472,0.4704,0.2688,13789,4.1334e+06
2,0.10449,-0.82306,-0.41086,2,3,5,1,4,3,0.015512,0.030203,0.0246,0.37033,0.59109,1.2282,0,0.90351,0.6465,0.012831,0.023717,0.017034,0.2688,0.4032,0.9984,0,0.768,0.576,13874,4.1573e+06
2,0.083054,-0.81027,-0.38463,2,2,4,2,4,4,0.013915,0.024782,0.024617,0.32826,0.27405,0.80812,0.27405,0.72955,0.86284,0.011017,0.018654,0.018824,0.2112,0.1472,0.672,0.1472,0.576,0.6528,13960,4.1812e+06
2,0.10068,-0.84467,-0.39973,3,3,2,2,4,2,0.017273,0.018236,0.02129,0.46773,0.6465,0.47121,0.27405,0.76024,0.41845,0.012797,0.014454,0.017012,0.2816,0.576,0.4352,0.1472,0.6272,0.3432,14046,4.2052e+06
2,0.10028,-0.86182,-0.41179,2,1,2,1,3,2,0.017207,0.016092,0.017132,0.27405,0,0.45356,0,0.63888,0.14142,0.013422,0.013291,0.013857,0.1472,0,0.4032,0,0.544,0.0392,14133,4.2291e+06
2,0.05835,-0.8356,-0.37853,1,1,3,2,5,2,0.0095349,0.022812,0.025158,0,0,0.69985,0.27405,1.1314,0.47121,0.0074402,0.017616,0.019822,0,0,0.624,0.1472,0.9408,0.4352,14219,4.253e+06
2,0.094864,-0.87404,-0.40988,2,2,3,1,3,2,0.021179,0.013388,0.017338,0.19795,0.27405,0.55107,0,0.70682,0.37033,0.018207,0.011294,0.013299,0.0768,0.1472,0.4608,0,0.6144,0.2688,14306,4.2769e+06
2,0.14786,-0.82051,-0.39476,3,3,5,2,3,2,0.028028,0.028362,0.019954,0.49487,0.76238,1.2349,0.27405,0.57711,0.47121,0.017647,0.021307,0.014407,0.336,0.6528,0.9408,0.1472,0.528,0.4352,14392,4.3008e+06
2,0.097641,-0.86667,-0.33624,3,2,4,1,4,3,0.020619,0.032341,0.02557,0.46773,0.47121,1.066,0,0.76024,0.6465,0.017859,0.025859,0.019778,0.2816,0.4352,0.8832,0,0.5984,0.576,14479,4.3248e+06
2,0.093399,-0.82732,-0.35074,3,4,4,2,4,3,0.023088,0.033227,0.027763,0.55107,0.95105,0.91607,0.37033,0.83397,0.63888,0.017283,0.025873,0.020962,0.4608,0.7616,0.7296,0.2688,0.6912,0.544,14566,4.3487e+06
2,0.10208,-0.8324,-0.33687,2,2,6,2,4,3,0.018918,0.036657,0.027323,0.47121,0.37033,1.3702,0.43142,0.8797,0.59109,0.015003,0.029747,0.020617,0.4352,0.2688,1.04,0.3648,0.6144,0.4032,14653,4.3726e+06
2,0.073639,-0.87189,-0.39716,2,2,3,2,2,2,0.012645,0.023398,0.018622,0.19795,0.43142,0.70682,0.27405,0.48487,0.43142,0.010452,0.018285,0.014866,0.0768,0.3648,0.6144,0.1472,0.4608,0.3648,14741,4.3965e+06
2,0.10111,-0.83061,-0.28891,2,2,4,3,7,6,0.015991,0.03569,0.040653,0.47121,0.37033,1.1183,0.59109,1.4658,1.5185,0.013565,0.027012,0.032619,0.4352,0.2688,0.9536,0.4032,1.1136,1.1368,14828,4.4205e+06
2,0.097641,-0.81413,-0.31551,2,2,4,3,4,4,0.029045,0.028391,0.034221,0.43142,0.47121,0.76238,0.59109,1.0568,0.89921,0.0255,0.022177,0.027728,0.3648,0.4352,0.6144,0.4032,0.8736,0.752,14916,4.4444e+06
2,0.11169,-0.74083,-0.1552,4,3,9,6,16,9,0.027775,0.070887,0.090324,0.93547,0.64175,2.4697,1.4142,3.9142,2.4817,0.021261,0.050152,0.064115,0.7616,0.5544,1.7536,1,2.8832,2.0216,15004,4.4685e+06
2,0.12241,-0.76427,-0.1461,4,2,14,6,15,9,0.034309,0.088408,0.086242,1.1314,0.49487,2.9758,1.359,3.2811,2.5546,0.027601,0.068848,0.06562,0.9376,0.48,2.1184,0.864,2.368,2.1952,15092,4.494e+06
2,0.20967,-0.7852,-0.27029,5,3,4,5,10,8,0.038699,0.055044,0.061812,0.90891,0.64681,1.0174,1.0844,2.03,2.3261,0.028987,0.040913,0.04489,0.6656,0.58,0.8064,0.74,1.3408,1.9584,15181,4.52e+06
2,0.10973,-0.86731,-0.31371,2,2,3,2,4,4,0.017448,0.025247,0.029683,0.27405,0.47121,0.6465,0.27405,0.93547,0.9311,0.014207,0.019188,0.022896,0.1472,0.4352,0.576,0.1472,0.816,0.728,15269,4.546e+06
2,0.11354,-0.88695,-0.26796,2,2,5,2,5,3,0.014135,0.030357,0.029674,0.37033,0.47121,1.3068,0.30305,1.1036,0.67643,0.010997,0.024349,0.025538,0.2688,0.4352,1.0752,0.18,0.8832,0.5888,15358,4.572e+06
2,0.15434,-0.76962,-0.11501,3,4,10,5,8,12,0.037767,0.068942,0.074741,0.7045,0.83397,2.1631,1.2867,2.0737,3.4227,0.030832,0.05331,0.057071,0.5984,0.6336,1.6832,0.9728,1.7376,2.512,15447,4.5983e+06
2,0.067734,-0.93314,-0.19015,2,3,4,2,6,5,0.021836,0.029113,0.041854,0.43142,0.78246,0.8437,0.45356,1.1314,1.1373,0.016852,0.022922,0.033714,0.3648,0.696,0.7072,0.4032,0.7904,0.82,15536,4.6247e+06
2,0.2058,-0.89549,-0.16023,5,8,5,4,5,3,0.050959,0.045833,0.056515,1.1753,2.1116,1.1256,0.85452,1.2095,0.68482,0.042017,0.035799,0.045464,0.9568,1.6752,0.9536,0.5928,0.9888,0.4704,15625,4.6511e+06
2,0.3282,-0.72316,-0.35236,4,5,8,4,8,7,0.052578,0.063947,0.053711,0.81416,1.2943,1.9166,0.61312,1.9166,1.4686,0.043209,0.046397,0.03948,0.6528,1.1648,1.52,0.5336,1.264,1.1184,15715,4.6775e+06
2,0.38498,-0.79038,-0.40555,6,11,4,4,3,7,0.089863,0.046352,0.038761,1.7843,3.8153,0.98974,0.9708,0.6465,1.7168,0.073249,0.031976,0.028333,1.456,3.2288,0.832,0.812,0.576,1.3704,15805,4.7042e+06
2,0.095764,-0.81544,-0.34561,2,2,3,2,3,3,0.023503,0.035339,0.057033,0.40406,0.47121,0.76238,0.27405,0.53605,0.64175,0.018709,0.028662,0.050984,0.32,0.4352,0.6528,0.1472,0.4256,0.5544,15895,4.7309e+06
2,0.090881,-0.88306,-0.27947,3,4,2,2,2,2,0.024434,0.02317,0.036782,0.76238,0.94242,0.49487,0.27405,0.37033,0.27405,0.019789,0.018142,0.030367,0.6656,0.768,0.48,0.1472,0.2688,0.1472,15985,4.7577e+06
2,0.043549,-0.88274,-0.37585,3,3,4,2,3,2,0.039809,0.02166,0.01958,0.55107,0.67733,0.74066,0.27405,0.56279,0.43142,0.032917,0.018005,0.016017,0.4608,0.6032,0.512,0.1472,0.4896,0.3648,16076,4.7845e+06
2,0.065384,-0.83073,-0.36784,4,5,5,3,5,3,0.046636,0.041482,0.036612,0.76024,1.3149,1.1542,0.6465,1.1599,0.61146,0.034613,0.031389,0.029447,0.5984,1.0416,0.9152,0.576,0.9216,0.5456,16166,4.8113e+06
2,0.14836,-0.802,-0.34889,3,5,4,3,5,3,0.038258,0.040519,0.032193,0.80812,1.3738,0.97646,0.63116,1.178,0.77959,0.031184,0.031143,0.026333,0.72,1.2,0.7776,0.5632,0.976,0.6944,16257,4.8381e+06
2,0.17566,-0.82655,-0.37262,4,5,5,2,6,2,0.035394,0.039294,0.032432,0.87037,1.4309,1.0962,0.50467,1.3068,0.50467,0.02763,0.030282,0.027347,0.7296,1.2352,0.8896,0.4992,0.9952,0.4992,16348,4.8649e+06
2,0.11963,-0.8416,-0.36488,3,5,4,3,4,3,0.027152,0.037539,0.02844,0.57711,1.0302,1.1945,0.76238,0.92494,0.64175,0.021176,0.030358,0.022466,0.528,0.928,1.0144,0.6528,0.6912,0.5544,16439,4.8917e+06
2,0.11558,-0.82722,-0.30647,5,6,7,2,6,4,0.04619,0.05241,0.04325,1.2349,2.1744,1.6903,0.49031,1.1429,1.0721,0.036483,0.04336,0.035261,0.9504,1.9904,1.2,0.4712,0.832,0.928,16530,4.9185e+06
2,0.1234,-0.77293,-0.25249,4,10,11,3,5,7,0.048488,0.064386,0.049243,0.7709,2.7405,2.479,0.6667,1.3426,1.7538,0.037627,0.050176,0.037219,0.608,2.16,1.8912,0.5472,1.1328,1.36,16622,4.9453e+06
2,0.20073,-0.75893,-0.25475,9,12,10,4,10,10,0.07946,0.083837,0.07256,2.241,3.1783,2.7105,0.79514,2.3021,2.9799,0.056185,0.060344,0.05862,1.5232,2.308,2.176,0.4704,1.6768,2.5728,16713,4.9724e+06
2,0.14687,-0.62076,-0.17871,6,10,8,9,12,9,0.053747,0.09743,0.094322,1.432,1.9176,2.1205,2.2103,3.3108,2.3348,0.043788,0.066829,0.070822,1.1456,1.62,1.712,1.6448,2.5056,1.8768,16805,5.0004e+06
2,0.089447,-0.84351,-0.32344,3,3,5,3,4,6,0.022086,0.041941,0.038657,0.63888,0.76024,1.1753,0.75593,1.1528,1.7291,0.01677,0.032444,0.030526,0.544,0.672,0.9152,0.608,1.008,1.392,16897,5.0284e+06
2,0.057587,-0.86087,-0.3275,2,3,3,2,5,3,0.017697,0.030424,0.02754,0.37033,0.72309,0.69517,0.44309,1.1241,0.67643,0.014602,0.024608,0.021435,0.2688,0.6216,0.5152,0.3848,0.8576,0.6048,16989,5.0564e+06
2,0.097122,-0.84024,-0.30551,3,5,5,4,5,3,0.027706,0.0386,0.037955,0.74066,1.1314,1.011,0.85452,1.0029,0.92229,0.021836,0.030305,0.028958,0.6528,0.8064,0.8064,0.6696,0.672,0.8464,17082,5.0844e+06
2,0.081375,-0.85847,-0.26236,3,4,4,1,4,3,0.0245,0.037209,0.036704,0.57143,0.92162,0.98974,0,0.84177,0.76024,0.019828,0.02851,0.029598,0.512,0.74,0.816,0,0.672,0.672,17174,5.1125e+06
2,0.1026,-0.88063,-0.19305,4,4,7,3,6,4,0.034027,0.052089,0.045398,0.89077,1.3702,1.6728,0.64397,1.402,1.0698,0.028526,0.042347,0.037909,0.7616,1.28,1.2896,0.5824,1.088,0.872,17267,5.1405e+06
2,0.099564,-0.901,-0.20802,3,4,5,3,5,3,0.031379,0.034635,0.035006,0.64397,1.0506,1.2122,0.59109,1.027,0.53031,0.025983,0.028,0.028305,0.5632,0.896,0.896,0.4032,0.8096,0.4864,17360,5.1685e+06
2,0.25162,-0.87788,-0.16182,4,4,5,4,4,3,0.056711,0.053135,0.085261,1.0029,1.1192,1.2349,0.90351,0.87225,0.78272,0.04416,0.043115,0.077859,0.8032,0.976,1.072,0.704,0.704,0.6536,17453,5.1966e+06
2,0.21889,-0.79636,-0.31375,3,3,6,2,4,4,0.041214,0.044293,0.043714,0.76238,0.85332,1.1599,0.47121,0.83397,1.2229,0.034143,0.031977,0.035715,0.6656,0.736,0.768,0.4352,0.6336,1.0432,17547,5.2246e+06
2,0.16054,-0.84958,-0.4256,2,2,3,1,3,2,0.02135,0.021653,0.024191,0.27405,0.50467,0.51745,0,0.53605,0.47121,0.016347,0.017489,0.020046,0.1472,0.4992,0.384,0,0.4256,0.4352,17640,5.2527e+06
2,0.29367,-0.58438,-0.12499,11,11,15,5,14,16,0.096775,0.11387,0.10375,2.1358,3.6922,4.0555,1.402,3.4862,4.1297,0.076844,0.085121,0.072513,1.4304,3.424,3.4912,1.248,2.6432,2.7968,17734,5.282e+06
2,0.50244,-0.54457,-0.26247,16,16,14,16,16,16,0.11856,0.1351,0.096622,3.887,4.4106,3.86,4.2474,3.4414,4.1662,0.075617,0.080728,0.064378,2.7264,3.4176,2.7968,2.88,2.3168,2.864,17828,5.3161e+06
2,0.11189,-0.8064,-0.44116,3,2,6,2,6,3,0.023711,0.028898,0.030985,0.56279,0.49487,1.066,0.27405,1.1945,0.62629,0.019006,0.021398,0.024887,0.4896,0.48,0.6624,0.1472,0.8576,0.5544,17922,5.352e+06
2,0.084595,-0.82095,-0.41777,2,2,4,2,6,3,0.031434,0.027108,0.033414,0.40406,0.49487,0.76238,0.37033,1.3786,0.6465,0.027057,0.021569,0.025441,0.32,0.48,0.6144,0.2688,1.0656,0.576,18016,5.3879e+06
2,0.24557,-0.7543,-0.2897,8,13,7,4,7,9,0.067562,0.053304,0.053811,1.8736,3.4095,1.6413,1.069,1.7843,2.5234,0.047307,0.038258,0.035727,1.328,2.4352,1.184,0.832,1.408,1.856,18111,5.4239e+06
2,0.074997,-0.81729,-0.37541,2,3,5,3,3,2,0.021257,0.033766,0.034417,0.43142,0.68094,1.0506,0.57286,0.64397,0.49031,0.017445,0.02671,0.029013,0.3648,0.5376,0.8064,0.4368,0.5824,0.4712,18205,5.4602e+06
2,0.12499,-0.80476,-0.30861,4,5,5,3,4,6,0.037141,0.038477,0.040399,0.89077,1.512,1.0174,0.52528,0.83397,1.5012,0.027587,0.029028,0.030426,0.7616,1.2128,0.7392,0.4752,0.6912,1.232,18300,5.4964e+06
2,0.081345,-0.88177,-0.35434,2,3,3,2,3,2,0.017987,0.017493,0.02353,0.45356,0.6465,0.56279,0.2399,0.51745,0.27405,0.014821,0.013435,0.0191,0.4032,0.576,0.4896,0.1128,0.384,0.1472,18395,5.5326e+06
2,0.13405,-0.88374,-0.26128,2,4,3,2,3,3,0.023656,0.031673,0.057686,0.37033,0.85141,0.53605,0.30305,0.53605,0.62073,0.019321,0.026623,0.049029,0.2688,0.6656,0.4256,0.18,0.4256,0.4864,18490,5.5688e+06
2,0.29636,-0.76367,-0.38968,4,7,6,2,3,4,0.051415,0.05027,0.07452,0.76238,2.0433,1.3702,0.27405,0.70682,0.99877,0.037441,0.042268,0.06723,0.6144,1.7624,1.024,0.1472,0.6144,0.8432,18585,5.6051e+06
2,0.26874,-0.75461,-0.4624,5,6,4,4,3,3,0.079251,0.040776,0.031198,0.94242,1.7261,0.93372,0.86284,0.79385,0.84007,0.066266,0.030357,0.025,0.7168,1.48,0.7392,0.6528,0.7072,0.7488,18680,5.6413e+06
2,0.084381,-0.74921,-0.43481,3,4,5,3,4,5,0.024772,0.037056,0.039718,0.57143,0.93131,1.3068,0.59109,0.89807,0.94761,0.018975,0.025905,0.031448,0.512,0.756,0.9568,0.4032,0.768,0.704,18776,5.6776e+06
2,0.083221,-0.85149,-0.36568,2,3,3,2,4,2,0.017092,0.027466,0.035832,0.32826,0.59109,0.57143,0.37033,0.69985,0.38809,0.013764,0.021512,0.028986,0.2112,0.4032,0.512,0.2688,0.544,0.2952,18871,5.7138e+06
2,0.27387,-0.76993,-0.34622,5,5,7,3,4,3,0.06833,0.046859,0.054856,1.0812,1.3138,1.3679,0.6465,0.84177,0.76559,0.055946,0.036107,0.042816,0.8448,1.068,0.9216,0.576,0.672,0.6384,18967,5.7501e+06
2,0.25832,-0.80711,-0.27364,5,8,5,2,5,3,0.0647,0.053751,0.045176,1.2545,2.399,1.14,0.50467,1.1168,0.93808,0.050413,0.043084,0.037196,0.9664,1.96,0.9088,0.4992,0.928,0.8816,19063,5.7864e+06
2,0.10213,-0.93161,-0.24086,3,3,3,3,2,2,0.033692,0.028797,0.022151,0.70682,0.7354,0.69985,0.59109,0.47121,0.43142,0.027737,0.021343,0.018239,0.6144,0.644,0.624,0.4032,0.4352,0.3648,19159,5.8226e+06
2,0.092575,-0.92432,-0.17317,2,3,3,2,3,2,0.028484,0.030366,0.043628,0.48487,0.62629,0.69282,0.27405,0.6465,0.43142,0.022898,0.023891,0.034789,0.4608,0.5032,0.6144,0.1472,0.5824,0.3648,19255,5.8589e+06
2,0.03688,-0.89836,-0.29755,2,3,3,1,2,2,0.027301,0.023296,0.021532,0.19795,0.64555,0.6465,0,0.32826,0.37033,0.022235,0.019437,0.017761,0.0768,0.5704,0.576,0,0.2112,0.2688,19351,5.8952e+06
2,0.23488,-0.90712,-0.1934,5,9,4,3,4,4,0.066468,0.038943,0.036197,1.0506,1.7143,0.85141,0.62629,0.76238,0.83029,0.052769,0.026793,0.030332,0.8064,1.376,0.7168,0.5032,0.624,0.7192,19448,5.9315e+06
2,0.28796,-0.84593,-0.10989,3,9,4,3,8,4,0.048171,0.047582,0.043679,0.7045,1.9588,0.91785,0.64555,1.4434,0.87505,0.038023,0.037163,0.031751,0.6272,1.232,0.704,0.5832,0.864,0.7168,19545,5.9679e+06
2,0.18837,-0.81694,-0.14799,7,4,4,2,5,6,0.033004,0.035841,0.06705,1.2027,0.98974,0.80812,0.38809,1.0872,1.5012,0.023003,0.027254,0.053094,0.5632,0.832,0.672,0.2952,0.8448,1.168,19642,6.0042e+06
